
 [
    {
      "id": 1,
      "question": "Was ist 7 + 5?",
      "answers": ["12", "11", "13"]
    },
    {
      "id": 2,
      "question": "Wie viel ist 9 - 4?",
      "answers": ["5", "3", "6"]
    },
    {
      "id": 3,
      "question": "Was ergibt 3 × 4?",
      "answers": ["12", "7", "9"]
    },
    {
      "id": 4,
      "question": "Wie viele Ecken hat ein Dreieck?",
      "answers": ["3", "4", "5"]
    },
    {
      "id": 5,
      "question": "Was ist die Hälfte von 10?",
      "answers": ["5", "3", "6"]
    },
    {
      "id": 6,
      "question": "Wie viel ist 15 + 7?",
      "answers": ["22", "23", "21"]
    },
    {
      "id": 7,
      "question": "Was ergibt 20 - 9?",
      "answers": ["11", "10", "12"]
    },
    {
      "id": 8,
      "question": "Wie viele Seiten hat ein Quadrat?",
      "answers": ["4", "3", "5"]
    },
    {
      "id": 9,
      "question": "Was ist 6 × 3?",
      "answers": ["18", "15", "9"]
    },
    {
      "id": 10,
      "question": "Wie viel ist 50 - 25?",
      "answers": ["25", "20", "30"]
    }
  ]


